{
  "auc": 0.5939448778459808,
  "recall": 0.08737864077669903,
  "precision": 0.4090909090909091,
  "f1": 0.144
}